,A,C,G,T
1,0.24906879982579477,-0.31099188846379766,0.10924329899847596,-0.047320210360472625
2,0.22675979447237737,0.017031713934098747,-0.3907899002524666,0.14699839184599095
3,0.3010063388166002,0.168249422789422,-0.24283396641341004,-0.22642179519261219
4,0.5033435543692844,-0.15774604093272648,0.11082895628667044,-0.4564264697232292
5,-0.7918010804574895,0.7462503108226399,-1.4260145581943737,1.4715653278292236
6,0.0,0.0,0.0,0.0
7,0.0,0.0,0.0,0.0
8,0.30397191818607894,0.11844536586272314,-2.1799066476838256,1.7574893636350235
9,-0.35737670384637177,-0.039171080721842166,0.8572550431831063,-0.4607072586148928
10,-0.266530365680959,-0.1117954355301014,0.3492162268057093,0.029109574405351557
