replicate,primer,4,5,6,7,8,9,total
rep1,ApA,0.00013687951520637484,0.03220067617526539,0.3804264417805981,0.32066691746052706,0.13019140717771824,0.06596594718294689,1.8591765385845243
rep2,ApA,0.005944168193358517,0.026387186943763616,0.43436068730851424,0.515915908645702,0.3775350254202307,0.06929176743141506,2.8588694878859684
rep3,ApA,0.005570077774173738,0.02734790600956093,0.43117477174845265,0.3579325640603347,0.1809263825464243,0.003781195576146833,2.0134657954301862
rep1,ApC,0.0022397019496416294,0.018928495907843224,0.3618630268078982,0.5946187531235515,0.015464814550479523,0.00011861603135430074,1.9864668167415367
rep2,ApC,0.004153434585479744,0.03225292899660936,0.4019443736272072,0.7580197966568164,0.2869689128684647,0.02121636668396607,3.009111626837087
rep3,ApC,0.0004494877137441544,0.02853906700910139,0.39805713485288235,0.5896073448340692,0.09676497263419873,0.00013338765098515486,2.227102789389962
rep1,ApG,0.0033900400515627553,0.02199821209069855,0.6545114633718158,1.0296971976763694,0.6207651175041448,0.15321676591663513,4.967157593222453
rep2,ApG,0.001582331878488193,0.022282310480180027,0.6960345163728271,1.14908516673246,0.6354069891956816,0.1655659713843301,5.339914572087935
rep3,ApG,0.003171835265459578,0.025564517382918733,0.7050896257104288,0.9268513720676431,0.5551407492741547,0.13058688549763184,4.692809970396473
rep1,ApU,0.0016148949622829068,0.025471017987568133,0.20964968335308942,0.1387230831894845,0.10699605410427673,0.08669780878408077,1.1383050847615648
rep2,ApU,0.0034215616349754664,0.03051942740253714,0.25505617967665095,0.330340801015643,0.28223802577813095,0.09053089407816423,1.9842137791722037
rep3,ApU,0.006605741716929297,0.018515984819535408,0.23395899758061775,0.1596811752751492,0.046186590541728106,0.02612503054495157,0.9821470409578226
rep1,CpA,0.0014882324698191763,0.026369540229212382,0.38782460521125983,0.4660446677501249,0.13718561255313097,0.00011861603135430074,2.038062548489803
rep2,CpA,0.0008074346004261257,0.02847423377383105,0.3964217819943676,0.46705146604402437,0.15314861074917885,0.00010719159064534524,2.092021437504947
rep3,CpA,0.0015844798052491234,0.02951933027481975,0.45131256022131955,0.5255058697980997,0.12924927178450854,0.00013338765098515486,2.274609799069964
rep1,CpC,0.0010070842946110876,0.019580610062769982,0.5154603363564506,0.7508162771596805,0.14730577825697844,0.00011861603135430074,2.8685774043236894
rep2,CpC,0.0008855598923833536,0.02037349179823114,0.5259093616235929,0.7551815615502622,0.1145517936477491,0.00010719159064534524,2.8340179202057283
rep3,CpC,0.002373846730332734,0.02332788214403212,0.5783935281224384,0.8318718211046399,0.10679222974487686,0.00013338765098515486,3.0857853909946105
rep1,CpG,0.0009465089345346686,0.034450004037929444,0.3443946333308126,0.4482156803535907,0.08837021570187402,0.008429654526010584,1.8496133937695038
rep2,CpG,0.0008372727313565595,0.027037408048293802,0.3509246272166759,0.45736571217344413,0.07763744991903886,0.00956844544552699,1.8467418310686727
rep3,CpG,0.0013016598174378014,0.03143573631975857,0.3946065454616317,0.49792429034991265,0.07102425430738336,0.006244421179184206,2.0050738148706166
rep1,CpU,0.0027404129655162965,0.032692335009576835,0.4796661653742077,0.4613809603239169,0.11753367310050596,0.0006199016600667977,2.1892668968675806
rep2,CpU,0.0035016085075059112,0.03071397446242986,0.50917227261364,0.5084974085383757,0.1452616767172975,0.006628316893632292,2.407550515465762
rep3,CpU,0.004886568432899172,0.0339558068792835,0.5513250813706082,0.48188831079348515,0.11888598177352862,0.00013338765098515486,2.38215027380158
rep1,GpA,0.005438275901711738,0.018144797275525874,1.1374955896170655,1.3007770454640606,0.5924547752812422,0.09133705289230996,6.291295072863832
rep2,GpA,0.005612288723539641,0.02548649230323776,1.1646613963792385,1.3409791936472935,0.7852987432933716,0.14264813865734516,6.929372506008052
rep3,GpA,0.0037557505909234486,0.027759459101722735,1.2708200559659086,1.087596015680727,0.5308227858171334,0.06765656693500456,5.976821268182839
rep1,GpC,0.0010180090862573958,0.010346798386694684,0.9373214422431586,1.5524136371491644,0.58902930060981,0.022899766552889802,6.2260579080559495
rep2,GpC,0.002171773983002428,0.008267438037367597,0.8560425830497722,1.3777722332528786,0.7200984495311263,0.0353046686973559,5.999314293103006
rep3,GpC,0.0014181560610149679,0.011910399888658494,1.0031071729448413,1.4161109709401807,0.493502162152413,0.00013338765098515486,5.852364499276188
rep1,GpG,0.0025194423407823596,0.05826123121507842,3.508772444030898,3.7812467949033417,0.9824759115325289,0.08556414731591638,16.83767994267709
rep2,GpG,0.0021708150616489815,0.05143083489834403,3.4230513170707813,3.513819970491256,0.9802995180517868,0.06438662800334306,16.07031816715432
rep3,GpG,0.005728802589904544,0.05471500713235403,3.794828230428225,3.6371002575671345,0.8842445356259345,0.012515878229142694,16.77826542314539
rep1,GpU,0.009033800326371435,0.025671088557393047,0.840630377127422,1.1874562066595313,0.5382291686270073,0.06298440973716132,5.328010102069772
rep2,GpU,0.006895580656863909,0.04218880754300086,0.8301415207520625,1.302981735939391,0.800411706175022,0.07679277936490715,6.118824260862494
rep3,GpU,0.008226409915017987,0.027624867849722325,0.8765946271878309,1.0108611412258053,0.4358056799990924,0.00013338765098515486,4.718492227656908
rep1,UpA,0.024190082606440642,0.46517671165828745,5.386980492061143,5.406756632887444,2.0183102251154517,0.15536821861888697,26.91356472589531
rep2,UpA,0.023154790733626543,0.42836171350426394,5.006924453346834,5.025430036323827,1.7862309302550963,0.14138944553101687,24.822982739389328
rep3,UpA,0.028359629848891045,0.5168378610932927,5.699369196125977,5.608059187808115,2.0222732247133175,0.17886105190102627,28.107520302981236
rep1,UpC,0.002467860146953953,0.08010885948063656,1.105845957107133,2.3510231791071017,0.3788586962349552,0.0002847130652729061,7.837178530284106
rep2,UpC,0.0059982179360644015,0.06914532211804156,1.031712222574266,2.1272605935494187,0.31503073475442256,0.006116048107271932,7.1105262780789715
rep3,UpC,0.0034711997399587227,0.08544915974748969,1.1882401735160273,2.3091393382433,0.28834492853555543,0.00013338765098515486,7.749556374866632
rep1,UpG,0.021090769110987756,0.41108938948221957,0.8825845319799175,1.0274619470811701,0.2181431434315792,0.02798128395201622,5.17670213007578
rep2,UpG,0.01605882206745684,0.40540616958433534,0.8677334693487115,0.9936823984784493,0.21016476780809737,0.0257683009358388,5.037627856445779
rep3,UpG,0.019520768125490945,0.4522969242194504,0.937251894288224,1.0145585677674478,0.18152914690684327,0.03321559110869622,5.276745784832306
rep1,UpU,0.049181316437278355,0.22063561762021935,1.1689668225127878,1.4901430952094061,0.3004728412791703,0.017042962599892856,6.49288531131751
rep2,UpU,0.04526867534440436,0.19993471096831236,1.00368912806821,1.2525900823576501,0.24429289787424718,0.023520869752046755,5.538592728729743
rep3,UpU,0.04953534906635718,0.2299801794605,1.0836727065305665,1.327684205231679,0.22820089926722534,0.01947128251731023,5.877089244147276
